subject_id,subject_name,subject_city,subject_state,subject_year,subject_units,subject_program,rank,comp_id,comp_name,comp_city,comp_state,comp_year,comp_units,comp_program,score
1,Boca Ciega,St. Petersburg,FL,1974,109.0,Layered HUD/LIHTC,1,41,Silver Springs Terrace,Hickory,NC,1971,100.0,Layered HUD/LIHTC,76.35
1,Boca Ciega,St. Petersburg,FL,1974,109.0,Layered HUD/LIHTC,2,15,La Promesa,Odessa,TX,1978,136.0,Layered HUD/LIHTC,70.03
1,Boca Ciega,St. Petersburg,FL,1974,109.0,Layered HUD/LIHTC,3,20,Colonial Estates,Thibodaux,LA,1975,107.0,Section 8/HUD,55.63
2,Jefferson Arms,Monticello,FL,1971,75.0,Section 8/HUD,1,4,Macedonia Garden,Panama City,FL,1969,100.0,Section 8/HUD,87.0
2,Jefferson Arms,Monticello,FL,1971,75.0,Section 8/HUD,2,3,Opa Locka 135th St,Opa Locka,FL,1968,65.0,Section 8/HUD,85.33
2,Jefferson Arms,Monticello,FL,1971,75.0,Section 8/HUD,3,16,New Wilmington Arms,Compton,CA,1973,,Section 8/HUD,72.0
3,Opa Locka 135th St,Opa Locka,FL,1968,65.0,Section 8/HUD,1,4,Macedonia Garden,Panama City,FL,1969,100.0,Section 8/HUD,89.0
3,Opa Locka 135th St,Opa Locka,FL,1968,65.0,Section 8/HUD,2,2,Jefferson Arms,Monticello,FL,1971,75.0,Section 8/HUD,85.33
3,Opa Locka 135th St,Opa Locka,FL,1968,65.0,Section 8/HUD,3,21,Marrero 3,Harvey,LA,1968,173.0,Section 8/HUD,77.51
4,Macedonia Garden,Panama City,FL,1969,100.0,Section 8/HUD,1,3,Opa Locka 135th St,Opa Locka,FL,1968,65.0,Section 8/HUD,89.0
4,Macedonia Garden,Panama City,FL,1969,100.0,Section 8/HUD,2,2,Jefferson Arms,Monticello,FL,1971,75.0,Section 8/HUD,87.0
4,Macedonia Garden,Panama City,FL,1969,100.0,Section 8/HUD,3,21,Marrero 3,Harvey,LA,1968,173.0,Section 8/HUD,77.56
5,Coral Village,Cape Coral,FL,1999,72.0,Section 8/HUD,1,28,Howell Place,Baton Rouge,LA,2001,48.0,Section 8/HUD,75.33
5,Coral Village,Cape Coral,FL,1999,72.0,Section 8/HUD,2,29,Pirates Bend,Baton Rouge,LA,2001,48.0,Section 8/HUD,75.33
5,Coral Village,Cape Coral,FL,1999,72.0,Section 8/HUD,3,27,Pelican Bay,Baton Rouge,LA,2001,152.0,Section 8/HUD,71.47
7,Cumberland,Crystal Springs,MS,1985,68.0,Section 8/HUD,1,30,Anaheim,Anaheim,CA,1980,80.0,Section 8/HUD,67.0
7,Cumberland,Crystal Springs,MS,1985,68.0,Section 8/HUD,2,8,Village Green,Natchez,MS,1977,80.0,Section 8/HUD,65.0
7,Cumberland,Crystal Springs,MS,1985,68.0,Section 8/HUD,3,9,Walnut Hill,Natchez,MS,1975,168.0,Section 8/HUD,48.1
8,Village Green,Natchez,MS,1977,80.0,Section 8/HUD,1,9,Walnut Hill,Natchez,MS,1975,168.0,Section 8/HUD,81.52
8,Village Green,Natchez,MS,1977,80.0,Section 8/HUD,2,30,Anaheim,Anaheim,CA,1980,80.0,Section 8/HUD,78.0
8,Village Green,Natchez,MS,1977,80.0,Section 8/HUD,3,42,Thomasville Church Homes,Thomasville,NC,1975,100.0,Section 8/HUD,78.0
9,Walnut Hill,Natchez,MS,1975,168.0,Section 8/HUD,1,20,Colonial Estates,Thibodaux,LA,1975,107.0,Section 8/HUD,82.74
9,Walnut Hill,Natchez,MS,1975,168.0,Section 8/HUD,2,42,Thomasville Church Homes,Thomasville,NC,1975,100.0,Section 8/HUD,81.9
9,Walnut Hill,Natchez,MS,1975,168.0,Section 8/HUD,3,8,Village Green,Natchez,MS,1977,80.0,Section 8/HUD,81.52
10,River Pointe,Columbus,OH,1996,160.0,Section 8/HUD,1,39,River Garden,Sonora,CA,1995,123.0,Section 8/HUD,81.38
10,River Pointe,Columbus,OH,1996,160.0,Section 8/HUD,2,40,Riverchase,Augusta,GA,1996,,Section 8/HUD,80.0
10,River Pointe,Columbus,OH,1996,160.0,Section 8/HUD,3,27,Pelican Bay,Baton Rouge,LA,2001,152.0,Section 8/HUD,69.0
11,Breckenridge Village,Ennis,TX,1997,66.0,LIHTC,1,12,Lexington Arms,Waxahachie,TX,1997,61.0,LIHTC,98.48
11,Breckenridge Village,Ennis,TX,1997,66.0,LIHTC,2,34,Pacific Pointe,Stockton,CA,1998,80.0,LIHTC,82.5
11,Breckenridge Village,Ennis,TX,1997,66.0,LIHTC,3,35,Granite Ridge,Stockton,CA,1998,80.0,LIHTC,82.5
12,Lexington Arms,Waxahachie,TX,1997,61.0,LIHTC,1,11,Breckenridge Village,Ennis,TX,1997,66.0,LIHTC,98.48
12,Lexington Arms,Waxahachie,TX,1997,61.0,LIHTC,2,34,Pacific Pointe,Stockton,CA,1998,80.0,LIHTC,81.25
12,Lexington Arms,Waxahachie,TX,1997,61.0,LIHTC,3,35,Granite Ridge,Stockton,CA,1998,80.0,LIHTC,81.25
13,Grace Townhomes,Ennis,TX,2001,112.0,LIHTC,1,36,Columbia Village,Sonora,CA,2000,80.0,LIHTC,80.29
13,Grace Townhomes,Ennis,TX,2001,112.0,LIHTC,2,38,Oak Hills,Jamestown,CA,2000,80.0,LIHTC,80.29
13,Grace Townhomes,Ennis,TX,2001,112.0,LIHTC,3,18,Ruby Diamond,Marrero,LA,2000,73.0,LIHTC,79.04
14,Grove Park Terrace,Waxahachie,TX,1998,60.0,Layered HUD/LIHTC,1,12,Lexington Arms,Waxahachie,TX,1997,61.0,LIHTC,80.67
14,Grove Park Terrace,Waxahachie,TX,1998,60.0,Layered HUD/LIHTC,2,11,Breckenridge Village,Ennis,TX,1997,66.0,LIHTC,79.18
14,Grove Park Terrace,Waxahachie,TX,1998,60.0,Layered HUD/LIHTC,3,34,Pacific Pointe,Stockton,CA,1998,80.0,LIHTC,70.0
15,La Promesa,Odessa,TX,1978,136.0,Layered HUD/LIHTC,1,1,Boca Ciega,St. Petersburg,FL,1974,109.0,Layered HUD/LIHTC,70.03
15,La Promesa,Odessa,TX,1978,136.0,Layered HUD/LIHTC,2,41,Silver Springs Terrace,Hickory,NC,1971,100.0,Layered HUD/LIHTC,56.71
15,La Promesa,Odessa,TX,1978,136.0,Layered HUD/LIHTC,3,8,Village Green,Natchez,MS,1977,80.0,Section 8/HUD,47.76
16,New Wilmington Arms,Compton,CA,1973,,Section 8/HUD,1,2,Jefferson Arms,Monticello,FL,1971,75.0,Section 8/HUD,72.0
16,New Wilmington Arms,Compton,CA,1973,,Section 8/HUD,2,9,Walnut Hill,Natchez,MS,1975,168.0,Section 8/HUD,72.0
16,New Wilmington Arms,Compton,CA,1973,,Section 8/HUD,3,20,Colonial Estates,Thibodaux,LA,1975,107.0,Section 8/HUD,72.0
17,Gates on Manhattan,Harvey,LA,1968,276.0,Section 8/HUD,1,21,Marrero 3,Harvey,LA,1968,173.0,Section 8/HUD,92.54
17,Gates on Manhattan,Harvey,LA,1968,276.0,Section 8/HUD,2,3,Opa Locka 135th St,Opa Locka,FL,1968,65.0,Section 8/HUD,74.71
17,Gates on Manhattan,Harvey,LA,1968,276.0,Section 8/HUD,3,4,Macedonia Garden,Panama City,FL,1969,100.0,Section 8/HUD,73.25
18,Ruby Diamond,Marrero,LA,2000,73.0,LIHTC,1,25,Granite Bayou,Baton Rouge,LA,2000,60.0,LIHTC,96.44
18,Ruby Diamond,Marrero,LA,2000,73.0,LIHTC,2,19,Star Homes,Marrero,LA,2000,48.0,LIHTC,93.15
18,Ruby Diamond,Marrero,LA,2000,73.0,LIHTC,3,36,Columbia Village,Sonora,CA,2000,80.0,LIHTC,88.25
19,Star Homes,Marrero,LA,2000,48.0,LIHTC,1,25,Granite Bayou,Baton Rouge,LA,2000,60.0,LIHTC,96.0
19,Star Homes,Marrero,LA,2000,48.0,LIHTC,2,18,Ruby Diamond,Marrero,LA,2000,73.0,LIHTC,93.15
19,Star Homes,Marrero,LA,2000,48.0,LIHTC,3,24,North Pointe,Bossier City,LA,2000,27.0,LIHTC,91.25
20,Colonial Estates,Thibodaux,LA,1975,107.0,Section 8/HUD,1,42,Thomasville Church Homes,Thomasville,NC,1975,100.0,Section 8/HUD,88.69
20,Colonial Estates,Thibodaux,LA,1975,107.0,Section 8/HUD,2,9,Walnut Hill,Natchez,MS,1975,168.0,Section 8/HUD,82.74
20,Colonial Estates,Thibodaux,LA,1975,107.0,Section 8/HUD,3,8,Village Green,Natchez,MS,1977,80.0,Section 8/HUD,76.95
21,Marrero 3,Harvey,LA,1968,173.0,Section 8/HUD,1,17,Gates on Manhattan,Harvey,LA,1968,276.0,Section 8/HUD,92.54
21,Marrero 3,Harvey,LA,1968,173.0,Section 8/HUD,2,4,Macedonia Garden,Panama City,FL,1969,100.0,Section 8/HUD,77.56
21,Marrero 3,Harvey,LA,1968,173.0,Section 8/HUD,3,3,Opa Locka 135th St,Opa Locka,FL,1968,65.0,Section 8/HUD,77.51
22,Arbor Crest,Quincy,FL,1995,120.0,LIHTC,1,23,Windsor/Yorkshire,Shreveport,LA,1998,134.0,LIHTC,80.91
22,Arbor Crest,Quincy,FL,1995,120.0,LIHTC,2,26,St. Charles Place,Lake Charles,LA,1995,121.0,Layered HUD/LIHTC,79.83
22,Arbor Crest,Quincy,FL,1995,120.0,LIHTC,3,39,River Garden,Sonora,CA,1995,123.0,Section 8/HUD,74.51
23,Windsor/Yorkshire,Shreveport,LA,1998,134.0,LIHTC,1,18,Ruby Diamond,Marrero,LA,2000,73.0,LIHTC,82.9
23,Windsor/Yorkshire,Shreveport,LA,1998,134.0,LIHTC,2,34,Pacific Pointe,Stockton,CA,1998,80.0,LIHTC,81.94
23,Windsor/Yorkshire,Shreveport,LA,1998,134.0,LIHTC,3,35,Granite Ridge,Stockton,CA,1998,80.0,LIHTC,81.94
24,North Pointe,Bossier City,LA,2000,27.0,LIHTC,1,19,Star Homes,Marrero,LA,2000,48.0,LIHTC,91.25
24,North Pointe,Bossier City,LA,2000,27.0,LIHTC,2,25,Granite Bayou,Baton Rouge,LA,2000,60.0,LIHTC,89.0
24,North Pointe,Bossier City,LA,2000,27.0,LIHTC,3,18,Ruby Diamond,Marrero,LA,2000,73.0,LIHTC,87.4
25,Granite Bayou,Baton Rouge,LA,2000,60.0,LIHTC,1,18,Ruby Diamond,Marrero,LA,2000,73.0,LIHTC,96.44
25,Granite Bayou,Baton Rouge,LA,2000,60.0,LIHTC,2,19,Star Homes,Marrero,LA,2000,48.0,LIHTC,96.0
25,Granite Bayou,Baton Rouge,LA,2000,60.0,LIHTC,3,37,Forest View Senior,Sonora,CA,2000,60.0,LIHTC,90.0
26,St. Charles Place,Lake Charles,LA,1995,121.0,Layered HUD/LIHTC,1,22,Arbor Crest,Quincy,FL,1995,120.0,LIHTC,79.83
26,St. Charles Place,Lake Charles,LA,1995,121.0,Layered HUD/LIHTC,2,23,Windsor/Yorkshire,Shreveport,LA,1998,134.0,LIHTC,71.06
26,St. Charles Place,Lake Charles,LA,1995,121.0,Layered HUD/LIHTC,3,14,Grove Park Terrace,Waxahachie,TX,1998,60.0,Layered HUD/LIHTC,67.92
27,Pelican Bay,Baton Rouge,LA,2001,152.0,Section 8/HUD,1,28,Howell Place,Baton Rouge,LA,2001,48.0,Section 8/HUD,86.32
27,Pelican Bay,Baton Rouge,LA,2001,152.0,Section 8/HUD,2,29,Pirates Bend,Baton Rouge,LA,2001,48.0,Section 8/HUD,86.32
27,Pelican Bay,Baton Rouge,LA,2001,152.0,Section 8/HUD,3,5,Coral Village,Cape Coral,FL,1999,72.0,Section 8/HUD,71.47
28,Howell Place,Baton Rouge,LA,2001,48.0,Section 8/HUD,1,29,Pirates Bend,Baton Rouge,LA,2001,48.0,Section 8/HUD,100.0
28,Howell Place,Baton Rouge,LA,2001,48.0,Section 8/HUD,2,27,Pelican Bay,Baton Rouge,LA,2001,152.0,Section 8/HUD,86.32
28,Howell Place,Baton Rouge,LA,2001,48.0,Section 8/HUD,3,19,Star Homes,Marrero,LA,2000,48.0,LIHTC,81.0
29,Pirates Bend,Baton Rouge,LA,2001,48.0,Section 8/HUD,1,28,Howell Place,Baton Rouge,LA,2001,48.0,Section 8/HUD,100.0
29,Pirates Bend,Baton Rouge,LA,2001,48.0,Section 8/HUD,2,27,Pelican Bay,Baton Rouge,LA,2001,152.0,Section 8/HUD,86.32
29,Pirates Bend,Baton Rouge,LA,2001,48.0,Section 8/HUD,3,19,Star Homes,Marrero,LA,2000,48.0,LIHTC,81.0
30,Anaheim,Anaheim,CA,1980,80.0,Section 8/HUD,1,8,Village Green,Natchez,MS,1977,80.0,Section 8/HUD,78.0
30,Anaheim,Anaheim,CA,1980,80.0,Section 8/HUD,2,7,Cumberland,Crystal Springs,MS,1985,68.0,Section 8/HUD,67.0
30,Anaheim,Anaheim,CA,1980,80.0,Section 8/HUD,3,42,Thomasville Church Homes,Thomasville,NC,1975,100.0,Section 8/HUD,66.0
31,Fairfax,Los Angeles,CA,1965,46.0,Section 8/HUD,1,3,Opa Locka 135th St,Opa Locka,FL,1968,65.0,Section 8/HUD,72.15
31,Fairfax,Los Angeles,CA,1965,46.0,Section 8/HUD,2,21,Marrero 3,Harvey,LA,1968,173.0,Section 8/HUD,63.32
31,Fairfax,Los Angeles,CA,1965,46.0,Section 8/HUD,3,4,Macedonia Garden,Panama City,FL,1969,100.0,Section 8/HUD,63.2
32,Urban 1 & 2,Los Angeles,CA,1970,60.0,LIHTC,1,33,Midtown Manor,Los Angeles,CA,1970,32.0,LIHTC,90.67
32,Urban 1 & 2,Los Angeles,CA,1970,60.0,LIHTC,2,2,Jefferson Arms,Monticello,FL,1971,75.0,Section 8/HUD,67.0
32,Urban 1 & 2,Los Angeles,CA,1970,60.0,LIHTC,3,3,Opa Locka 135th St,Opa Locka,FL,1968,65.0,Section 8/HUD,65.46
33,Midtown Manor,Los Angeles,CA,1970,32.0,LIHTC,1,32,Urban 1 & 2,Los Angeles,CA,1970,60.0,LIHTC,90.67
33,Midtown Manor,Los Angeles,CA,1970,32.0,LIHTC,2,16,New Wilmington Arms,Compton,CA,1973,,Section 8/HUD,63.0
33,Midtown Manor,Los Angeles,CA,1970,32.0,LIHTC,3,2,Jefferson Arms,Monticello,FL,1971,75.0,Section 8/HUD,59.53
34,Pacific Pointe,Stockton,CA,1998,80.0,LIHTC,1,35,Granite Ridge,Stockton,CA,1998,80.0,LIHTC,100.0
34,Pacific Pointe,Stockton,CA,1998,80.0,LIHTC,2,36,Columbia Village,Sonora,CA,2000,80.0,LIHTC,92.0
34,Pacific Pointe,Stockton,CA,1998,80.0,LIHTC,3,38,Oak Hills,Jamestown,CA,2000,80.0,LIHTC,92.0
35,Granite Ridge,Stockton,CA,1998,80.0,LIHTC,1,34,Pacific Pointe,Stockton,CA,1998,80.0,LIHTC,100.0
35,Granite Ridge,Stockton,CA,1998,80.0,LIHTC,2,36,Columbia Village,Sonora,CA,2000,80.0,LIHTC,92.0
35,Granite Ridge,Stockton,CA,1998,80.0,LIHTC,3,38,Oak Hills,Jamestown,CA,2000,80.0,LIHTC,92.0
36,Columbia Village,Sonora,CA,2000,80.0,LIHTC,1,38,Oak Hills,Jamestown,CA,2000,80.0,LIHTC,100.0
36,Columbia Village,Sonora,CA,2000,80.0,LIHTC,2,37,Forest View Senior,Sonora,CA,2000,60.0,LIHTC,95.0
36,Columbia Village,Sonora,CA,2000,80.0,LIHTC,3,34,Pacific Pointe,Stockton,CA,1998,80.0,LIHTC,92.0
37,Forest View Senior,Sonora,CA,2000,60.0,LIHTC,1,36,Columbia Village,Sonora,CA,2000,80.0,LIHTC,95.0
37,Forest View Senior,Sonora,CA,2000,60.0,LIHTC,2,38,Oak Hills,Jamestown,CA,2000,80.0,LIHTC,95.0
37,Forest View Senior,Sonora,CA,2000,60.0,LIHTC,3,25,Granite Bayou,Baton Rouge,LA,2000,60.0,LIHTC,90.0
38,Oak Hills,Jamestown,CA,2000,80.0,LIHTC,1,36,Columbia Village,Sonora,CA,2000,80.0,LIHTC,100.0
38,Oak Hills,Jamestown,CA,2000,80.0,LIHTC,2,37,Forest View Senior,Sonora,CA,2000,60.0,LIHTC,95.0
38,Oak Hills,Jamestown,CA,2000,80.0,LIHTC,3,34,Pacific Pointe,Stockton,CA,1998,80.0,LIHTC,92.0
39,River Garden,Sonora,CA,1995,123.0,Section 8/HUD,1,10,River Pointe,Columbus,OH,1996,160.0,Section 8/HUD,81.38
39,River Garden,Sonora,CA,1995,123.0,Section 8/HUD,2,40,Riverchase,Augusta,GA,1996,,Section 8/HUD,81.0
39,River Garden,Sonora,CA,1995,123.0,Section 8/HUD,3,22,Arbor Crest,Quincy,FL,1995,120.0,LIHTC,74.51
40,Riverchase,Augusta,GA,1996,,Section 8/HUD,1,39,River Garden,Sonora,CA,1995,123.0,Section 8/HUD,81.0
40,Riverchase,Augusta,GA,1996,,Section 8/HUD,2,10,River Pointe,Columbus,OH,1996,160.0,Section 8/HUD,80.0
40,Riverchase,Augusta,GA,1996,,Section 8/HUD,3,5,Coral Village,Cape Coral,FL,1999,72.0,Section 8/HUD,68.0
41,Silver Springs Terrace,Hickory,NC,1971,100.0,Layered HUD/LIHTC,1,1,Boca Ciega,St. Petersburg,FL,1974,109.0,Layered HUD/LIHTC,76.35
41,Silver Springs Terrace,Hickory,NC,1971,100.0,Layered HUD/LIHTC,2,32,Urban 1 & 2,Los Angeles,CA,1970,60.0,LIHTC,63.0
41,Silver Springs Terrace,Hickory,NC,1971,100.0,Layered HUD/LIHTC,3,33,Midtown Manor,Los Angeles,CA,1970,32.0,LIHTC,57.4
42,Thomasville Church Homes,Thomasville,NC,1975,100.0,Section 8/HUD,1,20,Colonial Estates,Thibodaux,LA,1975,107.0,Section 8/HUD,88.69
42,Thomasville Church Homes,Thomasville,NC,1975,100.0,Section 8/HUD,2,9,Walnut Hill,Natchez,MS,1975,168.0,Section 8/HUD,81.9
42,Thomasville Church Homes,Thomasville,NC,1975,100.0,Section 8/HUD,3,8,Village Green,Natchez,MS,1977,80.0,Section 8/HUD,78.0
